<?xml version="1.0" encoding="UTF-8"?>
<!DOCTYPE hibernate-configuration PUBLIC
		"-//Hibernate/Hibernate Configuration DTD 3.0//EN"
		"http://www.hibernate.org/dtd/hibernate-configuration-3.0.dtd">
<hibernate-configuration>
	<session-factory>
		<property name="hibernate.connection.driver_class">com.mysql.jdbc.Driver</property>
		<property name="hibernate.connection.password">springstudent</property>
		<property name="hibernate.connection.url">jdbc:mysql://localhost:3306/complaintreg</property>
		<property name="hibernate.connection.username">root</property>
		<property name="hibernate.dialect">org.hibernate.dialect.MySQLDialect</property>
		<mapping resource="com/java/crm/model/Complaint.hbm.xml"></mapping>
		<mapping resource="com/java/crm/model/Resolve.hbm.xml"></mapping>
	</session-factory>
</hibernate-configuration>
